timestamp	name	stargazers	forks	open_issues
2021-09-30T12:27:58.740830	tensorflow	159430	85569	3152
2021-09-30T12:27:58.740848	keras	52717	18816	329
2021-09-30T12:27:58.740856	transformers	51955	12328	423
2021-09-30T12:27:58.740862	pytorch	51159	13979	10074
2021-09-30T12:27:58.740868	caffe	31968	18875	1173
2021-09-30T12:27:58.740874	incubator-mxnet	19675	6877	1939
2021-09-30T12:27:58.740880	Paddle	16564	4038	2805
2021-09-30T12:27:58.740885	sonnet	9004	1289	22
2021-09-30T12:27:58.740890	albumentations	8836	1128	226
2021-09-30T12:27:58.740897	tvm	7196	2188	324
2021-09-30T12:27:58.740902	trax	6489	650	83
2021-09-30T12:27:58.740908	SerpentAI	6042	708	1
2021-09-30T12:27:58.740913	chainer	5614	1374	11
2021-09-30T12:27:58.740918	mlpack	3821	1377	90
2021-09-30T12:27:58.740924	tensorforce	3022	512	7
2021-09-30T12:27:58.740928	catalyst	2725	341	6
2021-09-30T12:27:58.740934	singa	2366	706	37
2021-09-30T12:27:58.740940	flax	2142	262	166
2021-09-30T12:27:58.740945	coach	2039	411	87
2021-09-30T12:27:58.740950	karateclub	1411	165	0
2021-09-30T12:27:58.740956	garage	1298	237	216
2021-09-30T12:27:58.740961	lightly	1213	73	53
2021-09-30T12:27:58.740967	detecto	504	83	26
2021-09-30T12:27:58.740972	Neuraxle	450	50	147
2021-09-30T12:27:58.740977	quickvision	46	3	19
2021-09-30T10:32:59.623311	tensorflow	159430	85569	3153
2021-09-30T10:32:59.623357	keras	52717	18816	329
2021-09-30T10:32:59.623370	transformers	51955	12328	423
2021-09-30T10:32:59.623382	pytorch	51159	13979	10074
2021-09-30T10:32:59.623394	caffe	31968	18875	1173
2021-09-30T10:32:59.623405	incubator-mxnet	19675	6877	1939
2021-09-30T10:32:59.623416	Paddle	16564	4038	2805
2021-09-30T10:32:59.623427	sonnet	9004	1289	22
2021-09-30T10:32:59.623437	albumentations	8836	1128	226
2021-09-30T10:32:59.623448	tvm	7196	2188	324
2021-09-30T10:32:59.623459	trax	6489	650	83
2021-09-30T10:32:59.623470	SerpentAI	6042	708	1
2021-09-30T10:32:59.623481	chainer	5614	1374	11
2021-09-30T10:32:59.623491	mlpack	3821	1377	90
2021-09-30T10:32:59.623502	tensorforce	3022	512	7
2021-09-30T10:32:59.623512	catalyst	2725	341	6
2021-09-30T10:32:59.623523	singa	2366	706	37
2021-09-30T10:32:59.623533	flax	2142	262	165
2021-09-30T10:32:59.623544	coach	2039	411	87
2021-09-30T10:32:59.623559	karateclub	1411	165	0
2021-09-30T10:32:59.623570	garage	1298	237	216
2021-09-30T10:32:59.623581	lightly	1213	73	53
2021-09-30T10:32:59.623591	detecto	504	83	26
2021-09-30T10:32:59.623601	Neuraxle	450	50	147
2021-09-30T10:32:59.623612	quickvision	46	3	19
2021-10-01T08:24:35.760028	tensorflow	159453	85576	3144
2021-10-01T08:24:35.760064	keras	52724	18818	327
2021-10-01T08:24:35.760073	transformers	51977	12338	433
2021-10-01T08:24:35.760082	pytorch	51172	13984	10082
2021-10-01T08:24:35.760090	caffe	31969	18875	1173
2021-10-01T08:24:35.760097	incubator-mxnet	19678	6878	1936
2021-10-01T08:24:35.760105	Paddle	16566	4040	2806
2021-10-01T08:24:35.760116	sonnet	9005	1289	22
2021-10-01T08:24:35.760123	albumentations	8839	1128	224
2021-10-01T08:24:35.760131	tvm	7196	2190	328
2021-10-01T08:24:35.760139	trax	6490	650	83
2021-10-01T08:24:35.760146	SerpentAI	6042	707	1
2021-10-01T08:24:35.760153	chainer	5612	1374	11
2021-10-01T08:24:35.760161	mlpack	3821	1378	92
2021-10-01T08:24:35.760169	tensorforce	3022	513	9
2021-10-01T08:24:35.760176	catalyst	2724	341	7
2021-10-01T08:24:35.760183	singa	2366	706	37
2021-10-01T08:24:35.760191	flax	2143	262	166
2021-10-01T08:24:35.760199	coach	2039	411	87
2021-10-01T08:24:35.760209	karateclub	1412	165	0
2021-10-01T08:24:35.760217	garage	1299	236	216
2021-10-01T08:24:35.760224	lightly	1215	73	54
2021-10-01T08:24:35.760231	detecto	505	84	26
2021-10-01T08:24:35.760238	Neuraxle	451	50	147
2021-10-01T08:24:35.760246	quickvision	46	3	19
2021-10-02T08:23:36.975255	tensorflow	159469	85585	3132
2021-10-02T08:23:36.975292	keras	52734	18818	327
2021-10-02T08:23:36.975300	transformers	52008	12346	429
2021-10-02T08:23:36.975307	pytorch	51184	13993	10063
2021-10-02T08:23:36.975326	caffe	31969	18876	1173
2021-10-02T08:23:36.975333	incubator-mxnet	19678	6878	1940
2021-10-02T08:23:36.975339	Paddle	16581	4043	2818
2021-10-02T08:23:36.975348	sonnet	9007	1290	22
2021-10-02T08:23:36.975355	albumentations	8845	1128	226
2021-10-02T08:23:36.975361	tvm	7199	2191	324
2021-10-02T08:23:36.975368	trax	6491	650	83
2021-10-02T08:23:36.975375	SerpentAI	6042	708	1
2021-10-02T08:23:36.975381	chainer	5612	1374	11
2021-10-02T08:23:36.975387	mlpack	3822	1379	92
2021-10-02T08:23:36.975393	tensorforce	3023	513	9
2021-10-02T08:23:36.975399	catalyst	2725	341	7
2021-10-02T08:23:36.975405	singa	2366	706	37
2021-10-02T08:23:36.975411	flax	2145	262	166
2021-10-02T08:23:36.975417	coach	2040	411	87
2021-10-02T08:23:36.975426	karateclub	1412	165	0
2021-10-02T08:23:36.975433	garage	1300	237	216
2021-10-02T08:23:36.975439	lightly	1215	73	52
2021-10-02T08:23:36.975445	detecto	505	84	26
2021-10-02T08:23:36.975451	Neuraxle	451	50	147
2021-10-02T08:23:36.975457	quickvision	46	3	19
2021-10-03T08:23:19.987667	tensorflow	159496	85597	3133
2021-10-03T08:23:19.987701	keras	52745	18819	327
2021-10-03T08:23:19.987709	transformers	52028	12348	434
2021-10-03T08:23:19.987715	pytorch	51200	13991	10072
2021-10-03T08:23:19.987721	caffe	31971	18878	1173
2021-10-03T08:23:19.987727	incubator-mxnet	19678	6877	1940
2021-10-03T08:23:19.987733	Paddle	16589	4044	2818
2021-10-03T08:23:19.987741	sonnet	9011	1290	22
2021-10-03T08:23:19.987747	albumentations	8848	1129	227
2021-10-03T08:23:19.987752	tvm	7199	2191	318
2021-10-03T08:23:19.987758	trax	6496	650	83
2021-10-03T08:23:19.987764	SerpentAI	6043	709	1
2021-10-03T08:23:19.987770	chainer	5611	1374	11
2021-10-03T08:23:19.987776	mlpack	3821	1379	93
2021-10-03T08:23:19.987781	tensorforce	3023	513	9
2021-10-03T08:23:19.987787	catalyst	2725	341	7
2021-10-03T08:23:19.987792	singa	2366	706	37
2021-10-03T08:23:19.987798	flax	2151	263	167
2021-10-03T08:23:19.987803	coach	2042	411	87
2021-10-03T08:23:19.987812	karateclub	1411	165	0
2021-10-03T08:23:19.987818	garage	1300	237	216
2021-10-03T08:23:19.987823	lightly	1219	74	51
2021-10-03T08:23:19.987829	detecto	505	84	26
2021-10-03T08:23:19.987835	Neuraxle	450	50	147
2021-10-03T08:23:19.987840	quickvision	46	3	19
2021-10-04T08:25:01.544550	tensorflow	159521	85606	3129
2021-10-04T08:25:01.544584	keras	52752	18821	329
2021-10-04T08:25:01.544592	transformers	52048	12354	436
2021-10-04T08:25:01.544599	pytorch	51215	13991	10065
2021-10-04T08:25:01.544605	caffe	31974	18882	1173
2021-10-04T08:25:01.544611	incubator-mxnet	19679	6877	1941
2021-10-04T08:25:01.544617	Paddle	16594	4044	2820
2021-10-04T08:25:01.544627	sonnet	9012	1290	22
2021-10-04T08:25:01.544633	albumentations	8851	1128	225
2021-10-04T08:25:01.544639	tvm	7200	2193	321
2021-10-04T08:25:01.544646	trax	6497	651	83
2021-10-04T08:25:01.544652	SerpentAI	6044	709	1
2021-10-04T08:25:01.544669	chainer	5611	1375	11
2021-10-04T08:25:01.544675	mlpack	3820	1379	95
2021-10-04T08:25:01.544681	tensorforce	3025	513	9
2021-10-04T08:25:01.544687	catalyst	2726	342	7
2021-10-04T08:25:01.544693	singa	2366	706	37
2021-10-04T08:25:01.544699	flax	2154	264	167
2021-10-04T08:25:01.544705	coach	2044	411	87
2021-10-04T08:25:01.544713	karateclub	1411	165	0
2021-10-04T08:25:01.544720	garage	1301	237	216
2021-10-04T08:25:01.544726	lightly	1219	74	51
2021-10-04T08:25:01.544732	detecto	505	84	26
2021-10-04T08:25:01.544739	Neuraxle	450	50	147
2021-10-04T08:25:01.544745	quickvision	46	3	19
2021-10-05T08:25:20.317838	tensorflow	159545	85618	3102
2021-10-05T08:25:20.317872	keras	52764	18826	332
2021-10-05T08:25:20.317880	transformers	52081	12360	431
2021-10-05T08:25:20.317887	pytorch	51234	13994	10063
2021-10-05T08:25:20.317894	caffe	31977	18880	1173
2021-10-05T08:25:20.317901	incubator-mxnet	19681	6876	1943
2021-10-05T08:25:20.317907	Paddle	16597	4044	2822
2021-10-05T08:25:20.317916	sonnet	9013	1290	22
2021-10-05T08:25:20.317923	albumentations	8857	1129	228
2021-10-05T08:25:20.317930	tvm	7204	2195	317
2021-10-05T08:25:20.317937	trax	6494	651	83
2021-10-05T08:25:20.317943	SerpentAI	6044	710	1
2021-10-05T08:25:20.317950	chainer	5612	1374	11
2021-10-05T08:25:20.317956	mlpack	3822	1379	94
2021-10-05T08:25:20.317962	tensorforce	3026	513	9
2021-10-05T08:25:20.317968	catalyst	2727	342	6
2021-10-05T08:25:20.317975	singa	2366	706	37
2021-10-05T08:25:20.317981	flax	2155	265	167
2021-10-05T08:25:20.317987	coach	2045	411	87
2021-10-05T08:25:20.317996	karateclub	1412	165	0
2021-10-05T08:25:20.318003	garage	1301	237	216
2021-10-05T08:25:20.318009	lightly	1220	75	50
2021-10-05T08:25:20.318016	detecto	506	84	26
2021-10-05T08:25:20.318022	Neuraxle	450	50	147
2021-10-05T08:25:20.318029	quickvision	47	3	19
2021-10-06T08:24:35.130444	tensorflow	159562	85627	3101
2021-10-06T08:24:35.130476	keras	52771	18831	312
2021-10-06T08:24:35.130483	transformers	52117	12371	422
2021-10-06T08:24:35.130489	pytorch	51247	14003	10065
2021-10-06T08:24:35.130495	caffe	31978	18881	1173
2021-10-06T08:24:35.130502	incubator-mxnet	19682	6874	1944
2021-10-06T08:24:35.130508	Paddle	16603	4048	2810
2021-10-06T08:24:35.130516	sonnet	9013	1292	22
2021-10-06T08:24:35.130523	albumentations	8866	1128	228
2021-10-06T08:24:35.130529	tvm	7205	2197	315
2021-10-06T08:24:35.130535	trax	6496	652	83
2021-10-06T08:24:35.130542	SerpentAI	6044	710	1
2021-10-06T08:24:35.130548	chainer	5612	1374	11
2021-10-06T08:24:35.130553	mlpack	3824	1379	89
2021-10-06T08:24:35.130559	tensorforce	3027	513	10
2021-10-06T08:24:35.130565	catalyst	2727	342	11
2021-10-06T08:24:35.130570	singa	2366	706	37
2021-10-06T08:24:35.130576	flax	2158	265	165
2021-10-06T08:24:35.130583	coach	2045	411	87
2021-10-06T08:24:35.130591	karateclub	1412	165	0
2021-10-06T08:24:35.130597	garage	1303	237	216
2021-10-06T08:24:35.130602	lightly	1221	75	50
2021-10-06T08:24:35.130608	detecto	506	84	26
2021-10-06T08:24:35.130614	Neuraxle	450	50	147
2021-10-06T08:24:35.130620	quickvision	47	3	19
2021-10-07T08:24:51.281141	tensorflow	159585	85629	3081
2021-10-07T08:24:51.281175	keras	52779	18830	312
2021-10-07T08:24:51.281182	transformers	52164	12379	428
2021-10-07T08:24:51.281189	pytorch	51262	14011	10052
2021-10-07T08:24:51.281195	caffe	31983	18882	1173
2021-10-07T08:24:51.281201	incubator-mxnet	19682	6877	1944
2021-10-07T08:24:51.281208	Paddle	16608	4048	2816
2021-10-07T08:24:51.281215	sonnet	9017	1292	22
2021-10-07T08:24:51.281221	albumentations	8883	1129	230
2021-10-07T08:24:51.281227	tvm	7211	2198	321
2021-10-07T08:24:51.281234	trax	6497	653	84
2021-10-07T08:24:51.281240	SerpentAI	6045	711	1
2021-10-07T08:24:51.281246	chainer	5612	1375	11
2021-10-07T08:24:51.281251	mlpack	3825	1380	89
2021-10-07T08:24:51.281257	tensorforce	3027	513	10
2021-10-07T08:24:51.281262	catalyst	2727	342	11
2021-10-07T08:24:51.281268	singa	2366	706	37
2021-10-07T08:24:51.281274	flax	2160	265	165
2021-10-07T08:24:51.281281	coach	2045	411	87
2021-10-07T08:24:51.281291	karateclub	1412	166	0
2021-10-07T08:24:51.281296	garage	1304	237	216
2021-10-07T08:24:51.281302	lightly	1221	75	50
2021-10-07T08:24:51.281308	detecto	506	84	26
2021-10-07T08:24:51.281314	Neuraxle	450	50	147
2021-10-07T08:24:51.281320	quickvision	47	3	19
2021-10-08T08:25:03.159836	tensorflow	159598	85623	3079
2021-10-08T08:25:03.159870	keras	52786	18830	307
2021-10-08T08:25:03.159878	transformers	52216	12385	422
2021-10-08T08:25:03.159884	pytorch	51271	14020	10062
2021-10-08T08:25:03.159890	caffe	31983	18884	1173
2021-10-08T08:25:03.159897	incubator-mxnet	19681	6875	1944
2021-10-08T08:25:03.159903	Paddle	16613	4050	2814
2021-10-08T08:25:03.159911	sonnet	9021	1292	22
2021-10-08T08:25:03.159917	albumentations	8891	1131	232
2021-10-08T08:25:03.159923	tvm	7211	2203	325
2021-10-08T08:25:03.159929	trax	6496	652	83
2021-10-08T08:25:03.159952	SerpentAI	6046	711	1
2021-10-08T08:25:03.159974	chainer	5611	1376	11
2021-10-08T08:25:03.159979	mlpack	3825	1380	90
2021-10-08T08:25:03.160124	tensorforce	3028	513	10
2021-10-08T08:25:03.160137	catalyst	2727	342	9
2021-10-08T08:25:03.160144	singa	2365	706	38
2021-10-08T08:25:03.160150	flax	2164	265	166
2021-10-08T08:25:03.160157	coach	2046	411	87
2021-10-08T08:25:03.160169	karateclub	1412	167	0
2021-10-08T08:25:03.160176	garage	1305	237	216
2021-10-08T08:25:03.160182	lightly	1221	75	50
2021-10-08T08:25:03.160189	detecto	509	84	26
2021-10-08T08:25:03.160195	Neuraxle	450	51	147
2021-10-08T08:25:03.160202	quickvision	47	3	19
2021-10-09T08:23:28.627981	tensorflow	159623	85624	3078
2021-10-09T08:23:28.628019	keras	52796	18834	309
2021-10-09T08:23:28.628029	transformers	52264	12394	427
2021-10-09T08:23:28.628037	pytorch	51299	14024	10047
2021-10-09T08:23:28.628045	caffe	31984	18886	1173
2021-10-09T08:23:28.628053	incubator-mxnet	19681	6875	1946
2021-10-09T08:23:28.628061	Paddle	16624	4053	2833
2021-10-09T08:23:28.628072	sonnet	9022	1292	22
2021-10-09T08:23:28.628079	albumentations	8901	1135	231
2021-10-09T08:23:28.628087	tvm	7214	2203	325
2021-10-09T08:23:28.628095	trax	6498	652	84
2021-10-09T08:23:28.628103	SerpentAI	6047	711	1
2021-10-09T08:23:28.628112	chainer	5612	1376	11
2021-10-09T08:23:28.628119	mlpack	3826	1380	89
2021-10-09T08:23:28.628127	tensorforce	3030	513	11
2021-10-09T08:23:28.628135	catalyst	2728	342	9
2021-10-09T08:23:28.628143	singa	2365	705	38
2021-10-09T08:23:28.628150	flax	2173	265	166
2021-10-09T08:23:28.628158	coach	2047	411	87
2021-10-09T08:23:28.628172	karateclub	1413	167	0
2021-10-09T08:23:28.628180	garage	1306	237	216
2021-10-09T08:23:28.628187	lightly	1221	76	50
2021-10-09T08:23:28.628195	detecto	509	84	26
2021-10-09T08:23:28.628203	Neuraxle	451	51	147
2021-10-09T08:23:28.628211	quickvision	47	3	19
2021-10-10T08:23:39.467849	tensorflow	159633	85628	3083
2021-10-10T08:23:39.467896	keras	52801	18833	306
2021-10-10T08:23:39.467909	transformers	52306	12402	424
2021-10-10T08:23:39.467920	pytorch	51312	14029	10049
2021-10-10T08:23:39.467932	caffe	31989	18886	1173
2021-10-10T08:23:39.467943	incubator-mxnet	19683	6875	1945
2021-10-10T08:23:39.467954	Paddle	16638	4054	2832
2021-10-10T08:23:39.467969	sonnet	9022	1292	22
2021-10-10T08:23:39.467979	albumentations	8907	1135	229
2021-10-10T08:23:39.467990	tvm	7215	2203	323
2021-10-10T08:23:39.468001	trax	6499	652	84
2021-10-10T08:23:39.468012	SerpentAI	6048	711	1
2021-10-10T08:23:39.468023	chainer	5614	1376	11
2021-10-10T08:23:39.468033	mlpack	3827	1380	89
2021-10-10T08:23:39.468043	tensorforce	3031	513	10
2021-10-10T08:23:39.468054	catalyst	2728	342	9
2021-10-10T08:23:39.468064	singa	2365	705	37
2021-10-10T08:23:39.468075	flax	2180	265	166
2021-10-10T08:23:39.468085	coach	2048	411	87
2021-10-10T08:23:39.468104	karateclub	1413	167	0
2021-10-10T08:23:39.468115	garage	1307	237	216
2021-10-10T08:23:39.468126	lightly	1221	76	51
2021-10-10T08:23:39.468136	detecto	509	84	26
2021-10-10T08:23:39.468146	Neuraxle	452	51	147
2021-10-10T08:23:39.468156	quickvision	47	3	19
2021-10-11T08:24:50.376887	tensorflow	159653	85632	3085
2021-10-11T08:24:50.376932	keras	52814	18832	306
2021-10-11T08:24:50.376945	transformers	52337	12418	433
2021-10-11T08:24:50.376956	pytorch	51329	14032	10057
2021-10-11T08:24:50.376968	caffe	31994	18889	1173
2021-10-11T08:24:50.376979	incubator-mxnet	19685	6873	1945
2021-10-11T08:24:50.376990	Paddle	16649	4055	2830
2021-10-11T08:24:50.377005	sonnet	9025	1293	22
2021-10-11T08:24:50.377015	albumentations	8910	1136	229
2021-10-11T08:24:50.377027	tvm	7218	2203	326
2021-10-11T08:24:50.377038	trax	6500	652	84
2021-10-11T08:24:50.377048	SerpentAI	6049	711	1
2021-10-11T08:24:50.377059	chainer	5616	1376	11
2021-10-11T08:24:50.377069	mlpack	3827	1381	88
2021-10-11T08:24:50.377079	tensorforce	3031	513	10
2021-10-11T08:24:50.377089	catalyst	2729	342	11
2021-10-11T08:24:50.377099	singa	2365	705	37
2021-10-11T08:24:50.377109	flax	2182	265	166
2021-10-11T08:24:50.377119	coach	2051	411	87
2021-10-11T08:24:50.377137	karateclub	1415	167	0
2021-10-11T08:24:50.377148	garage	1308	237	216
2021-10-11T08:24:50.377158	lightly	1221	76	52
2021-10-11T08:24:50.377168	detecto	509	84	26
2021-10-11T08:24:50.377179	Neuraxle	453	51	147
2021-10-11T08:24:50.377190	quickvision	47	3	19
2021-10-12T08:25:09.507651	tensorflow	159694	85636	3092
2021-10-12T08:25:09.507699	keras	52831	18837	308
2021-10-12T08:25:09.507707	transformers	52379	12429	424
2021-10-12T08:25:09.507713	pytorch	51339	14040	10050
2021-10-12T08:25:09.507720	caffe	31993	18892	1173
2021-10-12T08:25:09.507727	incubator-mxnet	19687	6874	1948
2021-10-12T08:25:09.507733	Paddle	16662	4059	2822
2021-10-12T08:25:09.507742	sonnet	9027	1293	22
2021-10-12T08:25:09.507748	albumentations	8921	1139	229
2021-10-12T08:25:09.507754	tvm	7221	2205	326
2021-10-12T08:25:09.507761	trax	6502	653	84
2021-10-12T08:25:09.507767	SerpentAI	6050	712	1
2021-10-12T08:25:09.507773	chainer	5618	1376	11
2021-10-12T08:25:09.507795	mlpack	3827	1381	89
2021-10-12T08:25:09.507818	tensorforce	3032	513	10
2021-10-12T08:25:09.507823	catalyst	2730	342	12
2021-10-12T08:25:09.507829	singa	2366	705	37
2021-10-12T08:25:09.507856	flax	2184	265	163
2021-10-12T08:25:09.507862	coach	2052	411	87
2021-10-12T08:25:09.507874	karateclub	1416	168	0
2021-10-12T08:25:09.507896	garage	1308	237	217
2021-10-12T08:25:09.507928	lightly	1230	76	53
2021-10-12T08:25:09.507934	detecto	508	84	26
2021-10-12T08:25:09.507939	Neuraxle	454	51	147
2021-10-12T08:25:09.507945	quickvision	47	3	19
2021-10-13T08:25:03.676556	tensorflow	159720	85641	3089
2021-10-13T08:25:03.676621	keras	52837	18841	306
2021-10-13T08:25:03.676628	transformers	52427	12443	427
2021-10-13T08:25:03.676634	pytorch	51367	14048	10071
2021-10-13T08:25:03.676639	caffe	31995	18894	1173
2021-10-13T08:25:03.676644	incubator-mxnet	19688	6875	1948
2021-10-13T08:25:03.676650	Paddle	16676	4058	2814
2021-10-13T08:25:03.676659	sonnet	9028	1293	22
2021-10-13T08:25:03.676665	albumentations	8930	1139	229
2021-10-13T08:25:03.676670	tvm	7225	2206	328
2021-10-13T08:25:03.676676	trax	6503	653	84
2021-10-13T08:25:03.676681	SerpentAI	6050	712	1
2021-10-13T08:25:03.676686	chainer	5617	1376	11
2021-10-13T08:25:03.676692	mlpack	3827	1383	88
2021-10-13T08:25:03.676697	tensorforce	3032	513	10
2021-10-13T08:25:03.676702	catalyst	2732	342	11
2021-10-13T08:25:03.676707	singa	2366	705	37
2021-10-13T08:25:03.676712	flax	2186	265	164
2021-10-13T08:25:03.676717	coach	2054	411	87
2021-10-13T08:25:03.676726	karateclub	1416	168	0
2021-10-13T08:25:03.676731	garage	1313	238	218
2021-10-13T08:25:03.676736	lightly	1241	76	52
2021-10-13T08:25:03.676741	detecto	508	84	26
2021-10-13T08:25:03.676746	Neuraxle	454	51	148
2021-10-13T08:25:03.676752	quickvision	47	3	19
2021-10-14T08:24:52.588431	tensorflow	159858	85645	3080
2021-10-14T08:24:52.588477	keras	52843	18839	308
2021-10-14T08:24:52.588491	transformers	52473	12455	438
2021-10-14T08:24:52.588502	pytorch	51389	14061	10075
2021-10-14T08:24:52.588514	caffe	31996	18893	1173
2021-10-14T08:24:52.588524	incubator-mxnet	19690	6875	1949
2021-10-14T08:24:52.588536	Paddle	16684	4060	2824
2021-10-14T08:24:52.588551	sonnet	9030	1293	22
2021-10-14T08:24:52.588562	albumentations	8939	1140	229
2021-10-14T08:24:52.588573	tvm	7228	2212	326
2021-10-14T08:24:52.588584	trax	6505	653	84
2021-10-14T08:24:52.588595	SerpentAI	6052	712	1
2021-10-14T08:24:52.588606	chainer	5618	1376	11
2021-10-14T08:24:52.588617	mlpack	3827	1383	88
2021-10-14T08:24:52.588627	tensorforce	3032	513	10
2021-10-14T08:24:52.588638	catalyst	2733	342	10
2021-10-14T08:24:52.588648	singa	2366	705	37
2021-10-14T08:24:52.588658	flax	2190	265	165
2021-10-14T08:24:52.588668	coach	2055	412	87
2021-10-14T08:24:52.588683	karateclub	1416	169	0
2021-10-14T08:24:52.588694	garage	1313	240	218
2021-10-14T08:24:52.588704	lightly	1248	76	51
2021-10-14T08:24:52.588715	detecto	508	84	26
2021-10-14T08:24:52.588726	Neuraxle	454	51	148
2021-10-14T08:24:52.588737	quickvision	47	3	19
2021-10-15T08:25:08.789066	tensorflow	159873	85652	3196
2021-10-15T08:25:08.789100	keras	52851	18841	305
2021-10-15T08:25:08.789108	transformers	52514	12470	437
2021-10-15T08:25:08.789115	pytorch	51411	14064	10084
2021-10-15T08:25:08.789122	caffe	31995	18895	1173
2021-10-15T08:25:08.789128	incubator-mxnet	19692	6874	1951
2021-10-15T08:25:08.789134	Paddle	16693	4062	2823
2021-10-15T08:25:08.789143	sonnet	9031	1293	22
2021-10-15T08:25:08.789149	albumentations	8941	1142	232
2021-10-15T08:25:08.789168	tvm	7234	2212	328
2021-10-15T08:25:08.789174	trax	6507	653	83
2021-10-15T08:25:08.789181	SerpentAI	6055	712	1
2021-10-15T08:25:08.789188	chainer	5619	1376	11
2021-10-15T08:25:08.789194	mlpack	3828	1383	88
2021-10-15T08:25:08.789200	tensorforce	3033	513	10
2021-10-15T08:25:08.789206	catalyst	2734	342	9
2021-10-15T08:25:08.789212	singa	2366	705	37
2021-10-15T08:25:08.789218	flax	2191	265	166
2021-10-15T08:25:08.789225	coach	2057	412	87
2021-10-15T08:25:08.789233	karateclub	1417	169	0
2021-10-15T08:25:08.789240	garage	1314	241	217
2021-10-15T08:25:08.789246	lightly	1253	77	51
2021-10-15T08:25:08.789252	detecto	508	84	26
2021-10-15T08:25:08.789259	Neuraxle	454	51	141
2021-10-15T08:25:08.789265	quickvision	47	3	19
2021-10-16T08:23:44.167150	tensorflow	159902	85654	3192
2021-10-16T08:23:44.167195	keras	52856	18841	305
2021-10-16T08:23:44.167205	transformers	52554	12483	439
2021-10-16T08:23:44.167212	pytorch	51430	14072	10088
2021-10-16T08:23:44.167220	caffe	31997	18895	1173
2021-10-16T08:23:44.167228	incubator-mxnet	19693	6874	1949
2021-10-16T08:23:44.167236	Paddle	16703	4063	2836
2021-10-16T08:23:44.167246	sonnet	9032	1294	22
2021-10-16T08:23:44.167253	albumentations	8941	1141	232
2021-10-16T08:23:44.167260	tvm	7237	2211	334
2021-10-16T08:23:44.167268	trax	6508	653	83
2021-10-16T08:23:44.167276	SerpentAI	6056	712	1
2021-10-16T08:23:44.167284	chainer	5619	1376	11
2021-10-16T08:23:44.167291	mlpack	3829	1383	90
2021-10-16T08:23:44.167298	tensorforce	3035	513	10
2021-10-16T08:23:44.167304	catalyst	2734	342	10
2021-10-16T08:23:44.167312	singa	2366	705	37
2021-10-16T08:23:44.167319	flax	2192	265	165
2021-10-16T08:23:44.167326	coach	2057	412	87
2021-10-16T08:23:44.167340	karateclub	1417	169	0
2021-10-16T08:23:44.167348	garage	1314	241	217
2021-10-16T08:23:44.167354	lightly	1252	77	51
2021-10-16T08:23:44.167361	detecto	508	84	26
2021-10-16T08:23:44.167369	Neuraxle	455	51	142
2021-10-16T08:23:44.167376	quickvision	47	3	19
2021-10-17T08:23:50.483130	tensorflow	159915	85649	3190
2021-10-17T08:23:50.483159	keras	52867	18843	304
2021-10-17T08:23:50.483166	transformers	52575	12497	432
2021-10-17T08:23:50.483172	pytorch	51450	14075	10089
2021-10-17T08:23:50.483177	caffe	31998	18895	1173
2021-10-17T08:23:50.483183	incubator-mxnet	19691	6874	1949
2021-10-17T08:23:50.483189	Paddle	16711	4065	2840
2021-10-17T08:23:50.483196	sonnet	9032	1294	23
2021-10-17T08:23:50.483201	albumentations	8946	1141	233
2021-10-17T08:23:50.483206	tvm	7241	2214	333
2021-10-17T08:23:50.483211	trax	6509	654	83
2021-10-17T08:23:50.483217	SerpentAI	6057	712	1
2021-10-17T08:23:50.483222	chainer	5619	1376	11
2021-10-17T08:23:50.483227	mlpack	3830	1383	90
2021-10-17T08:23:50.483231	tensorforce	3036	513	11
2021-10-17T08:23:50.483236	catalyst	2735	342	10
2021-10-17T08:23:50.483240	singa	2365	704	37
2021-10-17T08:23:50.483245	flax	2194	264	165
2021-10-17T08:23:50.483250	coach	2059	412	87
2021-10-17T08:23:50.483259	karateclub	1417	169	0
2021-10-17T08:23:50.483264	garage	1314	240	217
2021-10-17T08:23:50.483269	lightly	1252	77	51
2021-10-17T08:23:50.483274	detecto	508	84	26
2021-10-17T08:23:50.483279	Neuraxle	457	51	142
2021-10-17T08:23:50.483284	quickvision	47	3	19
2021-10-18T08:25:10.980932	tensorflow	159932	85652	3185
2021-10-18T08:25:10.980964	keras	52873	18844	304
2021-10-18T08:25:10.980971	transformers	52616	12499	426
2021-10-18T08:25:10.980977	pytorch	51469	14081	10095
2021-10-18T08:25:10.980982	caffe	31999	18893	1173
2021-10-18T08:25:10.980987	incubator-mxnet	19691	6874	1948
2021-10-18T08:25:10.980993	Paddle	16714	4065	2841
2021-10-18T08:25:10.981000	sonnet	9032	1295	22
2021-10-18T08:25:10.981005	albumentations	8950	1142	233
2021-10-18T08:25:10.981010	tvm	7244	2217	330
2021-10-18T08:25:10.981016	trax	6512	655	83
2021-10-18T08:25:10.981021	SerpentAI	6060	712	2
2021-10-18T08:25:10.981026	chainer	5619	1376	11
2021-10-18T08:25:10.981031	mlpack	3832	1384	91
2021-10-18T08:25:10.981036	tensorforce	3036	513	11
2021-10-18T08:25:10.981040	catalyst	2735	342	10
2021-10-18T08:25:10.981045	singa	2366	704	37
2021-10-18T08:25:10.981050	flax	2199	265	167
2021-10-18T08:25:10.981055	coach	2059	412	87
2021-10-18T08:25:10.981064	karateclub	1417	169	0
2021-10-18T08:25:10.981070	garage	1314	240	217
2021-10-18T08:25:10.981075	lightly	1254	77	52
2021-10-18T08:25:10.981080	detecto	511	84	26
2021-10-18T08:25:10.981085	Neuraxle	460	51	142
2021-10-18T08:25:10.981090	quickvision	47	3	19
2021-10-19T08:25:09.044633	tensorflow	159960	85658	3146
2021-10-19T08:25:09.044680	keras	52882	18846	305
2021-10-19T08:25:09.044693	transformers	52666	12513	427
2021-10-19T08:25:09.044705	pytorch	51497	14089	10102
2021-10-19T08:25:09.044716	caffe	32004	18893	1173
2021-10-19T08:25:09.044727	incubator-mxnet	19694	6874	1948
2021-10-19T08:25:09.044738	Paddle	16721	4066	2839
2021-10-19T08:25:09.044753	sonnet	9034	1295	22
2021-10-19T08:25:09.044764	albumentations	8956	1144	233
2021-10-19T08:25:09.044774	tvm	7249	2222	334
2021-10-19T08:25:09.044786	trax	6514	655	83
2021-10-19T08:25:09.044796	SerpentAI	6060	712	2
2021-10-19T08:25:09.044807	chainer	5620	1376	11
2021-10-19T08:25:09.044817	mlpack	3832	1382	91
2021-10-19T08:25:09.044827	tensorforce	3036	514	12
2021-10-19T08:25:09.044838	catalyst	2736	342	10
2021-10-19T08:25:09.044848	singa	2366	704	37
2021-10-19T08:25:09.044859	flax	2202	265	166
2021-10-19T08:25:09.044869	coach	2060	412	87
2021-10-19T08:25:09.044884	karateclub	1417	169	0
2021-10-19T08:25:09.044895	garage	1315	240	217
2021-10-19T08:25:09.044905	lightly	1259	77	51
2021-10-19T08:25:09.044916	detecto	511	84	26
2021-10-19T08:25:09.044926	Neuraxle	463	51	142
2021-10-19T08:25:09.044937	quickvision	47	3	19
2021-10-20T08:25:04.939316	tensorflow	159989	85673	3137
2021-10-20T08:25:04.939347	keras	52898	18847	304
2021-10-20T08:25:04.939355	transformers	52711	12527	428
2021-10-20T08:25:04.939363	pytorch	51521	14096	10122
2021-10-20T08:25:04.939369	caffe	32006	18894	1173
2021-10-20T08:25:04.939376	incubator-mxnet	19695	6874	1944
2021-10-20T08:25:04.939382	Paddle	16729	4077	2852
2021-10-20T08:25:04.939391	sonnet	9036	1296	22
2021-10-20T08:25:04.939398	albumentations	8959	1144	236
2021-10-20T08:25:04.939404	tvm	7249	2224	339
2021-10-20T08:25:04.939411	trax	6513	655	82
2021-10-20T08:25:04.939418	SerpentAI	6060	712	2
2021-10-20T08:25:04.939424	chainer	5622	1376	11
2021-10-20T08:25:04.939430	mlpack	3831	1383	89
2021-10-20T08:25:04.939437	tensorforce	3035	514	12
2021-10-20T08:25:04.939442	catalyst	2741	342	11
2021-10-20T08:25:04.939449	singa	2376	705	37
2021-10-20T08:25:04.939455	flax	2207	266	167
2021-10-20T08:25:04.939462	coach	2062	412	87
2021-10-20T08:25:04.939473	karateclub	1418	169	0
2021-10-20T08:25:04.939479	garage	1314	240	218
2021-10-20T08:25:04.939486	lightly	1262	77	51
2021-10-20T08:25:04.939492	detecto	512	84	26
2021-10-20T08:25:04.939499	Neuraxle	467	51	142
2021-10-20T08:25:04.939505	quickvision	47	3	19
2021-10-21T08:25:18.067504	tensorflow	160005	85690	3102
2021-10-21T08:25:18.067540	keras	52907	18850	300
2021-10-21T08:25:18.067549	transformers	52762	12546	432
2021-10-21T08:25:18.067556	pytorch	51552	14101	10128
2021-10-21T08:25:18.067563	caffe	32009	18896	1173
2021-10-21T08:25:18.067570	incubator-mxnet	19695	6875	1947
2021-10-21T08:25:18.067576	Paddle	16739	4081	2869
2021-10-21T08:25:18.067585	sonnet	9037	1296	22
2021-10-21T08:25:18.067591	albumentations	8967	1146	238
2021-10-21T08:25:18.067598	tvm	7252	2225	338
2021-10-21T08:25:18.067605	trax	6514	656	82
2021-10-21T08:25:18.067611	SerpentAI	6061	712	2
2021-10-21T08:25:18.067618	chainer	5622	1376	11
2021-10-21T08:25:18.067624	mlpack	3832	1383	89
2021-10-21T08:25:18.067630	tensorforce	3037	514	11
2021-10-21T08:25:18.067636	catalyst	2742	342	11
2021-10-21T08:25:18.067642	singa	2381	705	37
2021-10-21T08:25:18.067648	flax	2215	266	170
2021-10-21T08:25:18.067655	coach	2063	412	87
2021-10-21T08:25:18.067667	karateclub	1417	169	0
2021-10-21T08:25:18.067673	garage	1316	240	218
2021-10-21T08:25:18.067680	lightly	1263	77	49
2021-10-21T08:25:18.067686	detecto	512	84	26
2021-10-21T08:25:18.067692	Neuraxle	467	51	142
2021-10-21T08:25:18.067699	quickvision	47	3	19
2021-10-22T08:25:11.995015	tensorflow	160030	85691	3047
2021-10-22T08:25:11.995051	keras	52918	18856	293
2021-10-22T08:25:11.995059	transformers	52817	12555	435
2021-10-22T08:25:11.995065	pytorch	51573	14109	10148
2021-10-22T08:25:11.995072	caffe	32014	18896	1173
2021-10-22T08:25:11.995077	incubator-mxnet	19696	6876	1950
2021-10-22T08:25:11.995083	Paddle	16751	4081	2873
2021-10-22T08:25:11.995091	sonnet	9039	1296	22
2021-10-22T08:25:11.995097	albumentations	8976	1146	237
2021-10-22T08:25:11.995103	tvm	7255	2225	349
2021-10-22T08:25:11.995108	trax	6516	657	82
2021-10-22T08:25:11.995114	SerpentAI	6062	713	2
2021-10-22T08:25:11.995119	chainer	5621	1376	11
2021-10-22T08:25:11.995125	mlpack	3833	1385	86
2021-10-22T08:25:11.995130	tensorforce	3039	513	11
2021-10-22T08:25:11.995136	catalyst	2742	342	11
2021-10-22T08:25:11.995142	singa	2381	704	37
2021-10-22T08:25:11.995147	flax	2215	266	170
2021-10-22T08:25:11.995152	coach	2064	413	87
2021-10-22T08:25:11.995160	karateclub	1416	169	0
2021-10-22T08:25:11.995166	garage	1316	240	218
2021-10-22T08:25:11.995171	lightly	1265	77	50
2021-10-22T08:25:11.995177	detecto	512	84	26
2021-10-22T08:25:11.995182	Neuraxle	469	51	136
2021-10-22T08:25:11.995188	quickvision	47	3	19
2021-10-23T08:24:19.087138	tensorflow	160052	85699	3037
2021-10-23T08:24:19.087169	keras	52930	18857	291
2021-10-23T08:24:19.087178	transformers	52873	12564	432
2021-10-23T08:24:19.087185	pytorch	51607	14120	10156
2021-10-23T08:24:19.087191	caffe	32017	18899	1173
2021-10-23T08:24:19.087198	incubator-mxnet	19698	6876	1954
2021-10-23T08:24:19.087204	Paddle	16764	4086	2892
2021-10-23T08:24:19.087213	sonnet	9039	1296	22
2021-10-23T08:24:19.087219	albumentations	8979	1146	237
2021-10-23T08:24:19.087226	tvm	7258	2227	341
2021-10-23T08:24:19.087233	trax	6521	657	82
2021-10-23T08:24:19.087239	SerpentAI	6065	713	2
2021-10-23T08:24:19.087245	chainer	5620	1377	11
2021-10-23T08:24:19.087251	mlpack	3833	1385	86
2021-10-23T08:24:19.087258	tensorforce	3039	513	11
2021-10-23T08:24:19.087264	catalyst	2742	342	11
2021-10-23T08:24:19.087270	singa	2381	704	37
2021-10-23T08:24:19.087276	flax	2215	266	170
2021-10-23T08:24:19.087282	coach	2064	414	87
2021-10-23T08:24:19.087291	karateclub	1416	169	0
2021-10-23T08:24:19.087297	garage	1317	240	218
2021-10-23T08:24:19.087304	lightly	1266	77	52
2021-10-23T08:24:19.087310	detecto	512	84	26
2021-10-23T08:24:19.087316	Neuraxle	470	51	136
2021-10-23T08:24:19.087323	quickvision	47	3	19
2021-10-24T08:24:10.908195	tensorflow	160064	85700	3047
2021-10-24T08:24:10.908228	keras	52940	18857	291
2021-10-24T08:24:10.908236	transformers	52905	12572	431
2021-10-24T08:24:10.908242	pytorch	51624	14127	10165
2021-10-24T08:24:10.908247	caffe	32019	18901	1173
2021-10-24T08:24:10.908253	incubator-mxnet	19700	6875	1954
2021-10-24T08:24:10.908258	Paddle	16766	4086	2893
2021-10-24T08:24:10.908266	sonnet	9042	1296	22
2021-10-24T08:24:10.908271	albumentations	8982	1146	237
2021-10-24T08:24:10.908276	tvm	7261	2228	341
2021-10-24T08:24:10.908281	trax	6522	657	82
2021-10-24T08:24:10.908287	SerpentAI	6065	713	2
2021-10-24T08:24:10.908292	chainer	5621	1376	11
2021-10-24T08:24:10.908297	mlpack	3833	1386	85
2021-10-24T08:24:10.908302	tensorforce	3039	513	10
2021-10-24T08:24:10.908307	catalyst	2745	342	11
2021-10-24T08:24:10.908312	singa	2380	704	37
2021-10-24T08:24:10.908317	flax	2215	266	171
2021-10-24T08:24:10.908322	coach	2065	414	87
2021-10-24T08:24:10.908330	karateclub	1416	169	0
2021-10-24T08:24:10.908336	garage	1317	240	218
2021-10-24T08:24:10.908341	lightly	1266	77	52
2021-10-24T08:24:10.908364	detecto	512	84	26
2021-10-24T08:24:10.908370	Neuraxle	470	51	136
2021-10-24T08:24:10.908394	quickvision	47	3	19
2021-10-25T08:25:25.244995	tensorflow	160090	85699	3040
2021-10-25T08:25:25.245027	keras	52948	18857	291
2021-10-25T08:25:25.245098	transformers	52941	12578	428
2021-10-25T08:25:25.245106	pytorch	51650	14133	10178
2021-10-25T08:25:25.245112	caffe	32024	18898	1173
2021-10-25T08:25:25.245117	incubator-mxnet	19699	6875	1955
2021-10-25T08:25:25.245123	Paddle	16771	4089	2886
2021-10-25T08:25:25.245132	sonnet	9041	1296	22
2021-10-25T08:25:25.245138	albumentations	8989	1148	237
2021-10-25T08:25:25.245161	tvm	7265	2227	340
2021-10-25T08:25:25.245167	trax	6522	658	83
2021-10-25T08:25:25.245174	SerpentAI	6064	713	2
2021-10-25T08:25:25.245180	chainer	5622	1376	11
2021-10-25T08:25:25.245185	mlpack	3833	1387	83
2021-10-25T08:25:25.245191	tensorforce	3039	514	10
2021-10-25T08:25:25.245196	catalyst	2745	343	11
2021-10-25T08:25:25.245202	singa	2380	704	37
2021-10-25T08:25:25.245207	flax	2215	266	171
2021-10-25T08:25:25.245214	coach	2065	414	87
2021-10-25T08:25:25.245224	karateclub	1416	169	0
2021-10-25T08:25:25.245230	garage	1317	240	218
2021-10-25T08:25:25.245237	lightly	1266	77	52
2021-10-25T08:25:25.245242	detecto	512	84	26
2021-10-25T08:25:25.245248	Neuraxle	470	51	136
2021-10-25T08:25:25.245253	quickvision	47	3	19
2021-10-26T08:25:41.878425	tensorflow	160116	85709	2999
2021-10-26T08:25:41.878455	transformers	53003	12593	426
2021-10-26T08:25:41.878462	keras	52965	18859	295
2021-10-26T08:25:41.878468	pytorch	51675	14142	10186
2021-10-26T08:25:41.878473	caffe	32026	18896	1174
2021-10-26T08:25:41.878478	incubator-mxnet	19703	6877	1962
2021-10-26T08:25:41.878484	Paddle	16776	4091	2895
2021-10-26T08:25:41.878492	sonnet	9042	1296	22
2021-10-26T08:25:41.878534	albumentations	9000	1150	236
2021-10-26T08:25:41.878562	tvm	7267	2228	345
2021-10-26T08:25:41.878568	trax	6525	658	79
2021-10-26T08:25:41.878573	SerpentAI	6065	713	2
2021-10-26T08:25:41.878579	chainer	5623	1376	11
2021-10-26T08:25:41.878585	mlpack	3834	1387	83
2021-10-26T08:25:41.878590	tensorforce	3039	514	10
2021-10-26T08:25:41.878596	catalyst	2748	344	11
2021-10-26T08:25:41.878619	singa	2380	704	37
2021-10-26T08:25:41.878624	flax	2220	266	171
2021-10-26T08:25:41.878630	coach	2067	414	87
2021-10-26T08:25:41.878638	karateclub	1416	169	0
2021-10-26T08:25:41.878644	garage	1317	240	218
2021-10-26T08:25:41.878650	lightly	1269	78	52
2021-10-26T08:25:41.878656	detecto	512	84	26
2021-10-26T08:25:41.878661	Neuraxle	471	51	136
2021-10-26T08:25:41.878667	quickvision	48	4	19
2021-10-27T08:25:16.175212	tensorflow	160145	85708	3003
2021-10-27T08:25:16.175249	transformers	53061	12608	424
2021-10-27T08:25:16.175258	keras	52972	18861	291
2021-10-27T08:25:16.175265	pytorch	51708	14148	10179
2021-10-27T08:25:16.175271	caffe	32027	18892	1174
2021-10-27T08:25:16.175278	incubator-mxnet	19703	6876	1964
2021-10-27T08:25:16.175284	Paddle	16790	4093	2844
2021-10-27T08:25:16.175309	sonnet	9042	1296	22
2021-10-27T08:25:16.175315	albumentations	9004	1151	238
2021-10-27T08:25:16.175321	tvm	7271	2229	337
2021-10-27T08:25:16.175327	trax	6529	658	77
2021-10-27T08:25:16.175333	SerpentAI	6066	713	2
2021-10-27T08:25:16.175339	chainer	5623	1376	11
2021-10-27T08:25:16.175345	mlpack	3834	1387	83
2021-10-27T08:25:16.175351	tensorforce	3038	514	11
2021-10-27T08:25:16.175373	catalyst	2751	346	11
2021-10-27T08:25:16.175379	singa	2379	703	37
2021-10-27T08:25:16.175400	flax	2224	266	169
2021-10-27T08:25:16.175406	coach	2067	414	87
2021-10-27T08:25:16.175417	karateclub	1417	169	0
2021-10-27T08:25:16.175423	garage	1318	240	218
2021-10-27T08:25:16.175428	lightly	1270	79	51
2021-10-27T08:25:16.175435	detecto	512	84	26
2021-10-27T08:25:16.175440	Neuraxle	471	51	137
2021-10-27T08:25:16.175446	quickvision	48	4	19
2021-10-28T08:25:12.162181	tensorflow	160175	85718	3016
2021-10-28T08:25:12.162246	transformers	53121	12623	429
2021-10-28T08:25:12.162261	keras	52976	18862	288
2021-10-28T08:25:12.162274	pytorch	51734	14155	10225
2021-10-28T08:25:12.162286	caffe	32030	18894	1174
2021-10-28T08:25:12.162299	incubator-mxnet	19708	6876	1963
2021-10-28T08:25:12.162311	Paddle	16798	4095	2857
2021-10-28T08:25:12.162326	sonnet	9042	1297	22
2021-10-28T08:25:12.162338	albumentations	9017	1152	238
2021-10-28T08:25:12.162349	tvm	7273	2231	336
2021-10-28T08:25:12.162362	trax	6530	659	78
2021-10-28T08:25:12.162373	SerpentAI	6066	713	2
2021-10-28T08:25:12.162385	chainer	5623	1376	11
2021-10-28T08:25:12.162396	mlpack	3834	1388	84
2021-10-28T08:25:12.162407	tensorforce	3039	514	8
2021-10-28T08:25:12.162418	catalyst	2751	346	12
2021-10-28T08:25:12.162428	singa	2379	703	37
2021-10-28T08:25:12.162439	flax	2229	267	164
2021-10-28T08:25:12.162450	coach	2071	414	87
2021-10-28T08:25:12.162469	karateclub	1418	169	0
2021-10-28T08:25:12.162481	garage	1318	240	218
2021-10-28T08:25:12.162492	lightly	1273	80	51
2021-10-28T08:25:12.162503	detecto	512	84	26
2021-10-28T08:25:12.162514	Neuraxle	471	51	135
2021-10-28T08:25:12.162525	quickvision	48	4	19
2021-10-29T08:25:32.039016	tensorflow	160206	85722	2958
2021-10-29T08:25:32.039062	transformers	53197	12640	437
2021-10-29T08:25:32.039076	keras	52986	18861	286
2021-10-29T08:25:32.039088	pytorch	51764	14163	10244
2021-10-29T08:25:32.039100	caffe	32029	18896	1174
2021-10-29T08:25:32.039111	incubator-mxnet	19710	6877	1964
2021-10-29T08:25:32.039123	Paddle	16808	4096	2857
2021-10-29T08:25:32.039138	sonnet	9042	1297	22
2021-10-29T08:25:32.039148	albumentations	9027	1153	237
2021-10-29T08:25:32.039159	tvm	7278	2234	340
2021-10-29T08:25:32.039170	trax	6533	659	78
2021-10-29T08:25:32.039181	SerpentAI	6066	713	2
2021-10-29T08:25:32.039192	chainer	5623	1376	11
2021-10-29T08:25:32.039202	mlpack	3835	1389	84
2021-10-29T08:25:32.039213	tensorforce	3039	514	8
2021-10-29T08:25:32.039223	catalyst	2752	347	14
2021-10-29T08:25:32.039234	singa	2379	703	37
2021-10-29T08:25:32.039244	flax	2232	267	163
2021-10-29T08:25:32.039255	coach	2071	414	87
2021-10-29T08:25:32.039272	karateclub	1420	169	0
2021-10-29T08:25:32.039284	garage	1317	240	218
2021-10-29T08:25:32.039294	lightly	1275	81	52
2021-10-29T08:25:32.039305	detecto	512	84	26
2021-10-29T08:25:32.039315	Neuraxle	471	51	135
2021-10-29T08:25:32.039326	quickvision	48	4	19
2021-10-30T08:24:34.762982	tensorflow	160218	85730	2958
2021-10-30T08:24:34.763021	transformers	53240	12646	426
2021-10-30T08:24:34.763030	keras	53002	18861	281
2021-10-30T08:24:34.763038	pytorch	51779	14163	10238
2021-10-30T08:24:34.763045	caffe	32030	18899	1174
2021-10-30T08:24:34.763051	incubator-mxnet	19716	6878	1961
2021-10-30T08:24:34.763058	Paddle	16814	4095	2863
2021-10-30T08:24:34.763070	sonnet	9045	1297	22
2021-10-30T08:24:34.763077	albumentations	9030	1154	237
2021-10-30T08:24:34.763084	tvm	7277	2236	341
2021-10-30T08:24:34.763091	trax	6534	659	78
2021-10-30T08:24:34.763098	SerpentAI	6066	713	2
2021-10-30T08:24:34.763104	chainer	5623	1376	11
2021-10-30T08:24:34.763111	mlpack	3835	1390	84
2021-10-30T08:24:34.763117	tensorforce	3040	514	8
2021-10-30T08:24:34.763123	catalyst	2754	347	12
2021-10-30T08:24:34.763129	singa	2379	703	37
2021-10-30T08:24:34.763135	flax	2234	267	164
2021-10-30T08:24:34.763142	coach	2071	414	87
2021-10-30T08:24:34.763151	karateclub	1421	169	0
2021-10-30T08:24:34.763158	garage	1318	240	218
2021-10-30T08:24:34.763165	lightly	1277	81	52
2021-10-30T08:24:34.763171	detecto	512	84	26
2021-10-30T08:24:34.763178	Neuraxle	471	51	135
2021-10-30T08:24:34.763184	quickvision	48	4	19
2021-10-31T08:24:26.513796	tensorflow	160232	85730	2954
2021-10-31T08:24:26.513842	transformers	53268	12653	431
2021-10-31T08:24:26.513851	keras	53009	18862	282
2021-10-31T08:24:26.513858	pytorch	51800	14163	10243
2021-10-31T08:24:26.513865	caffe	32031	18898	1174
2021-10-31T08:24:26.513872	incubator-mxnet	19718	6877	1952
2021-10-31T08:24:26.513879	Paddle	16816	4095	2869
2021-10-31T08:24:26.513888	sonnet	9047	1297	22
2021-10-31T08:24:26.513895	albumentations	9035	1154	237
2021-10-31T08:24:26.513901	tvm	7279	2236	341
2021-10-31T08:24:26.513908	trax	6538	659	78
2021-10-31T08:24:26.513915	SerpentAI	6067	713	2
2021-10-31T08:24:26.513921	chainer	5623	1376	11
2021-10-31T08:24:26.513927	mlpack	3837	1390	84
2021-10-31T08:24:26.513934	tensorforce	3040	514	9
2021-10-31T08:24:26.513940	catalyst	2755	347	13
2021-10-31T08:24:26.513946	singa	2379	703	37
2021-10-31T08:24:26.513953	flax	2238	268	164
2021-10-31T08:24:26.513959	coach	2069	414	87
2021-10-31T08:24:26.513971	karateclub	1420	169	0
2021-10-31T08:24:26.513978	garage	1319	240	218
2021-10-31T08:24:26.513985	lightly	1278	81	52
2021-10-31T08:24:26.513991	detecto	512	84	26
2021-10-31T08:24:26.513997	Neuraxle	471	51	135
2021-10-31T08:24:26.514004	quickvision	48	4	19
2021-11-01T08:25:42.646801	tensorflow	160258	85733	2953
2021-11-01T08:25:42.646832	transformers	53307	12658	421
2021-11-01T08:25:42.646840	keras	53018	18865	282
2021-11-01T08:25:42.646847	pytorch	51823	14164	10260
2021-11-01T08:25:42.646854	caffe	32035	18898	1174
2021-11-01T08:25:42.646860	incubator-mxnet	19724	6876	1952
2021-11-01T08:25:42.646867	Paddle	16820	4095	2881
2021-11-01T08:25:42.646876	sonnet	9047	1297	22
2021-11-01T08:25:42.646882	albumentations	9039	1155	237
2021-11-01T08:25:42.646889	tvm	7282	2238	343
2021-11-01T08:25:42.646896	trax	6535	659	78
2021-11-01T08:25:42.646903	SerpentAI	6067	712	2
2021-11-01T08:25:42.646910	chainer	5623	1376	11
2021-11-01T08:25:42.646916	mlpack	3838	1390	86
2021-11-01T08:25:42.646921	tensorforce	3040	514	6
2021-11-01T08:25:42.646928	catalyst	2758	347	13
2021-11-01T08:25:42.646934	singa	2379	702	37
2021-11-01T08:25:42.646941	flax	2244	268	164
2021-11-01T08:25:42.646947	coach	2071	414	87
2021-11-01T08:25:42.646958	karateclub	1421	169	0
2021-11-01T08:25:42.646965	garage	1320	240	218
2021-11-01T08:25:42.646971	lightly	1279	81	50
2021-11-01T08:25:42.646978	detecto	512	84	26
2021-11-01T08:25:42.646984	Neuraxle	472	51	135
2021-11-01T08:25:42.646990	quickvision	48	4	19
2021-11-02T08:25:53.118599	tensorflow	160288	85736	2947
2021-11-02T08:25:53.118634	transformers	53376	12681	416
2021-11-02T08:25:53.118642	keras	53029	18867	271
2021-11-02T08:25:53.118649	pytorch	51840	14171	10263
2021-11-02T08:25:53.118655	caffe	32040	18898	1174
2021-11-02T08:25:53.118662	incubator-mxnet	19726	6875	1952
2021-11-02T08:25:53.118668	Paddle	16832	4096	2869
2021-11-02T08:25:53.118676	albumentations	9051	1156	237
2021-11-02T08:25:53.118683	sonnet	9046	1297	22
2021-11-02T08:25:53.118689	tvm	7286	2240	350
2021-11-02T08:25:53.118695	trax	6539	659	78
2021-11-02T08:25:53.118701	SerpentAI	6068	712	2
2021-11-02T08:25:53.118707	chainer	5623	1376	11
2021-11-02T08:25:53.118713	mlpack	3840	1390	85
2021-11-02T08:25:53.118719	tensorforce	3040	514	6
2021-11-02T08:25:53.118725	catalyst	2759	348	11
2021-11-02T08:25:53.118731	singa	2379	702	37
2021-11-02T08:25:53.118736	flax	2247	269	164
2021-11-02T08:25:53.118742	coach	2072	414	87
2021-11-02T08:25:53.118753	karateclub	1421	169	0
2021-11-02T08:25:53.118760	garage	1321	240	218
2021-11-02T08:25:53.118782	lightly	1280	81	50
2021-11-02T08:25:53.118788	detecto	512	84	26
2021-11-02T08:25:53.118794	Neuraxle	472	51	135
2021-11-02T08:25:53.118800	quickvision	48	4	19
2021-11-03T08:25:34.334889	tensorflow	160315	85749	2943
2021-11-03T08:25:34.334945	transformers	53430	12690	422
2021-11-03T08:25:34.334956	keras	53046	18874	265
2021-11-03T08:25:34.334963	pytorch	51868	14178	10275
2021-11-03T08:25:34.334971	caffe	32041	18899	1174
2021-11-03T08:25:34.334977	incubator-mxnet	19727	6874	1956
2021-11-03T08:25:34.334984	Paddle	16845	4098	2880
2021-11-03T08:25:34.334995	albumentations	9059	1156	238
2021-11-03T08:25:34.335002	sonnet	9049	1297	22
2021-11-03T08:25:34.335008	tvm	7291	2245	351
2021-11-03T08:25:34.335015	trax	6542	659	78
2021-11-03T08:25:34.335023	SerpentAI	6068	713	2
2021-11-03T08:25:34.335029	chainer	5625	1376	11
2021-11-03T08:25:34.335036	mlpack	3840	1391	86
2021-11-03T08:25:34.335042	tensorforce	3041	514	6
2021-11-03T08:25:34.335048	catalyst	2760	348	10
2021-11-03T08:25:34.335055	singa	2379	702	37
2021-11-03T08:25:34.335061	flax	2254	269	165
2021-11-03T08:25:34.335068	coach	2073	414	87
2021-11-03T08:25:34.335079	karateclub	1421	170	0
2021-11-03T08:25:34.335086	garage	1322	240	218
2021-11-03T08:25:34.335093	lightly	1282	81	50
2021-11-03T08:25:34.335100	detecto	513	84	26
2021-11-03T08:25:34.335106	Neuraxle	472	51	135
2021-11-03T08:25:34.335112	quickvision	48	4	19
2021-11-04T08:25:07.962961	tensorflow	160339	85758	2924
2021-11-04T08:25:07.962996	transformers	53473	12697	416
2021-11-04T08:25:07.963004	keras	53061	18875	263
2021-11-04T08:25:07.963011	pytorch	51896	14181	10292
2021-11-04T08:25:07.963017	caffe	32045	18897	1174
2021-11-04T08:25:07.963024	incubator-mxnet	19726	6875	1953
2021-11-04T08:25:07.963031	Paddle	16861	4101	2877
2021-11-04T08:25:07.963040	albumentations	9064	1159	239
2021-11-04T08:25:07.963046	sonnet	9053	1297	22
2021-11-04T08:25:07.963052	tvm	7293	2248	346
2021-11-04T08:25:07.963059	trax	6548	659	78
2021-11-04T08:25:07.963066	SerpentAI	6069	713	2
2021-11-04T08:25:07.963073	chainer	5625	1376	11
2021-11-04T08:25:07.963079	mlpack	3840	1392	81
2021-11-04T08:25:07.963085	tensorforce	3042	514	6
2021-11-04T08:25:07.963091	catalyst	2760	348	10
2021-11-04T08:25:07.963097	singa	2379	702	37
2021-11-04T08:25:07.963103	flax	2256	270	166
2021-11-04T08:25:07.963109	coach	2073	414	87
2021-11-04T08:25:07.963119	karateclub	1422	171	1
2021-11-04T08:25:07.963126	garage	1323	240	218
2021-11-04T08:25:07.963132	lightly	1283	81	50
2021-11-04T08:25:07.963138	detecto	513	84	26
2021-11-04T08:25:07.963144	Neuraxle	472	51	135
2021-11-04T08:25:07.963150	quickvision	48	4	19
2021-11-05T08:25:24.962704	tensorflow	160368	85752	2899
2021-11-05T08:25:24.962739	transformers	53541	12701	423
2021-11-05T08:25:24.962748	keras	53075	18877	266
2021-11-05T08:25:24.962754	pytorch	51915	14191	10302
2021-11-05T08:25:24.962760	caffe	32047	18900	1174
2021-11-05T08:25:24.962766	incubator-mxnet	19728	6875	1949
2021-11-05T08:25:24.962772	Paddle	16872	4102	2875
2021-11-05T08:25:24.962780	albumentations	9070	1160	240
2021-11-05T08:25:24.962786	sonnet	9053	1297	22
2021-11-05T08:25:24.962792	tvm	7305	2251	353
2021-11-05T08:25:24.962799	trax	6553	659	79
2021-11-05T08:25:24.962805	SerpentAI	6070	713	2
2021-11-05T08:25:24.962811	chainer	5626	1376	11
2021-11-05T08:25:24.962817	mlpack	3843	1391	81
2021-11-05T08:25:24.962823	tensorforce	3042	513	6
2021-11-05T08:25:24.962828	catalyst	2763	347	11
2021-11-05T08:25:24.962834	singa	2379	702	37
2021-11-05T08:25:24.962840	flax	2265	270	165
2021-11-05T08:25:24.962845	coach	2073	414	87
2021-11-05T08:25:24.962859	karateclub	1424	171	1
2021-11-05T08:25:24.962865	garage	1323	239	218
2021-11-05T08:25:24.962889	lightly	1284	81	50
2021-11-05T08:25:24.962895	detecto	513	84	26
2021-11-05T08:25:24.962901	Neuraxle	472	51	136
2021-11-05T08:25:24.962907	quickvision	48	4	19
2021-11-06T08:24:45.742631	tensorflow	160400	85761	2902
2021-11-06T08:24:45.742664	transformers	53581	12707	425
2021-11-06T08:24:45.742671	keras	53087	18880	262
2021-11-06T08:24:45.742677	pytorch	51935	14196	10306
2021-11-06T08:24:45.742682	caffe	32048	18900	1174
2021-11-06T08:24:45.742688	incubator-mxnet	19728	6875	1952
2021-11-06T08:24:45.742693	Paddle	16878	4102	2865
2021-11-06T08:24:45.742700	albumentations	9074	1162	238
2021-11-06T08:24:45.742706	sonnet	9056	1297	22
2021-11-06T08:24:45.742712	tvm	7310	2252	354
2021-11-06T08:24:45.742717	trax	6557	659	80
2021-11-06T08:24:45.742722	SerpentAI	6069	713	2
2021-11-06T08:24:45.742728	chainer	5626	1376	11
2021-11-06T08:24:45.742733	mlpack	3844	1392	80
2021-11-06T08:24:45.742738	tensorforce	3042	513	6
2021-11-06T08:24:45.742743	catalyst	2763	347	11
2021-11-06T08:24:45.742748	singa	2379	702	37
2021-11-06T08:24:45.742753	flax	2269	270	166
2021-11-06T08:24:45.742758	coach	2073	414	87
2021-11-06T08:24:45.742768	karateclub	1424	171	1
2021-11-06T08:24:45.742774	garage	1323	239	219
2021-11-06T08:24:45.742779	lightly	1286	81	50
2021-11-06T08:24:45.742784	detecto	513	84	26
2021-11-06T08:24:45.742789	Neuraxle	472	51	136
2021-11-06T08:24:45.742794	quickvision	48	4	19
2021-11-07T08:24:30.023603	tensorflow	160418	85755	2898
2021-11-07T08:24:30.023654	transformers	53618	12715	423
2021-11-07T08:24:30.023664	keras	53100	18884	259
2021-11-07T08:24:30.023671	pytorch	51957	14207	10316
2021-11-07T08:24:30.023678	caffe	32050	18900	1174
2021-11-07T08:24:30.023685	incubator-mxnet	19731	6875	1951
2021-11-07T08:24:30.023692	Paddle	16884	4102	2871
2021-11-07T08:24:30.023701	albumentations	9078	1164	238
2021-11-07T08:24:30.023708	sonnet	9058	1297	22
2021-11-07T08:24:30.023715	tvm	7312	2252	350
2021-11-07T08:24:30.023722	trax	6559	659	80
2021-11-07T08:24:30.023730	SerpentAI	6070	713	2
2021-11-07T08:24:30.023736	chainer	5626	1376	11
2021-11-07T08:24:30.023743	mlpack	3844	1391	79
2021-11-07T08:24:30.023749	tensorforce	3042	513	6
2021-11-07T08:24:30.023755	catalyst	2763	347	13
2021-11-07T08:24:30.023762	singa	2379	702	37
2021-11-07T08:24:30.023769	flax	2271	271	166
2021-11-07T08:24:30.023775	coach	2073	414	87
2021-11-07T08:24:30.023788	karateclub	1424	172	0
2021-11-07T08:24:30.023795	garage	1324	239	219
2021-11-07T08:24:30.023802	lightly	1288	81	50
2021-11-07T08:24:30.023808	detecto	513	84	26
2021-11-07T08:24:30.023815	Neuraxle	473	51	136
2021-11-07T08:24:30.023822	quickvision	48	4	19
